tender_no,hand_label,label_note,description
CPF000ETT24000020,C01,,Maintenance of Network Equipment
GVT000ETT20300048,C01,,FOR THE SUPPLY AND MANAGEMENT OF THE HELPDESK SERVICES FOR GOBUSINESS PORTAL (PR201341)
STB000ETT23000026,C01,thin text; owner's educated guess,Tender for STB Tcube Data Programme
LTA000ETT20300032,C02,,"Design and Construction of Peng Kang Hill Station, Remote Stabling Facility and Viaduct for Jurong Region Line"
LTA000ETT24000069,C02,,Design and Construction of Cycling Paths for East Region
PUB000ETT21000209,C02,,"Improvement to Roadside Drains VI - Contract A1 (Yishun Avenue 2/Yishun Central, Serangoon Avenue 2/3 and Jurong East Street 32 Areas)"
INDACIETT24000004,C03,,Servicing and Maintenance of Air-conditioning systems for Main School and Boarding School for the period 15 July 2024 to 14 Jul 2026 with option to renew until 14 Jul 2027
NPB000ETT25000007,C03,,PROVISION OF ARBORICULTURE SERVICES FOR SINGAPORE BOTANIC GARDENS (SBG) FOR A PERIOD OF THREE (3) YEARS
NST000ETT21000035,C03,,Provision of Preventive Maintenance services for Ultra Pure Water Systems inclusive of equipment and materials at Institute of Microelectronics (IME) premises for a period of 2 years with option to renew for another year
HDB000ETT23000073,C04,,TENDER FOR ABC WATERS PROFESSIONAL CONSULTANCY SERVICES FOR PROJECT AU
MHA00003000007742,C04,,Multi-Disciplinary Consultancy Services for Additions and Alterations Works to Existing Multi-Purpose Hall in National Service Training Centre
SSC000ETT24000042,C04,,PROVISION OF MULTI-DISCIPLINARY TEAM CONSULTANCY SERVICES FOR THE PROPOSED DEVELOPMENT OF SPORTS FACILITIES (STAGE 2)
NPB000ETT22000047,C05,C04/C05 boundary; owner confirmed C05,PROVISION OF CONSULTANCY SERVICES FOR BIODIVERSITY AND ENVIRONMENTAL STUDIES AND ENVIRONMENTAL MONITORING & MANAGEMENT PLANNING FOR CLEMENTI NATURE TRAIL (CLEMENTI FOREST STREAM) AND CLEMENTI NATURE TRAIL (BUKIT TIMAH FIRST DIVERSION CANAL)
PUB000ETT21000225,C05,,Environmental Baseline Survey at Southeast Coast of Singapore
PUB000ETT23000137,C05,,Offshore Hydrographic Survey and Marine Soil Investigation Works Along West Jurong Channel and East Jurong Channel
IRA000ETT21000005,C06,,"Provision of training programme for Know, Think and Do Agile"
MOESCHETT25000010,C06,,PROVISION OF SEC 1 OUTDOOR ADVENTURE LEARNING CAMP IN YEAR 2025 FOR SERANGOON GARDEN SECONDARY SCHOOL
RPO000ETT22000028,C06,,"TENDER FOR CONTENT CURATION AND CREATION, EDITORIAL, DESIGN AND PRINTING OF REPUBLIC POLYTECHNIC'S INCORPORATE PUBLICATION FOR OCC"
FINVITETT22000010,C07,,INVITATION TO TENDER FOR THE SUPPLY OF STATIONERY TO THE WHOLE OF GOVERNMENT FOR A PERIOD OF TWO (2) YEARS WITH AN OPTION TO EXTEND THE CONTRACT FOR A PERIOD OF UP TO ONE (1) YEAR
HDB000ETT21000167,C07,,"(A) SUPPLY, DELIVERY AND INSTALLATION OF DUAL BICYCLE RACKS AT HDB TOWNS BATCH 7; AND (B) DISTRIBUTORSHIP OF THE DUAL BICYCLE RACK SYSTEM"
NST000ETT21000074,C07,,"Design, Supply, Delivery, Installation and Commissioning of Four Sets of Overhead Gantry Crane to Outfitting Works for CT2B in Cleantech Park"
HSA000ETT21000035,C08,,SUPPLY AND DELIVERY OF EXTERNAL QUALITY CONTROL (QC) SAMPLES THAT ARE USED FOR HEPATITIS E VIRUS (HEV) NUCLEIC ACID TESTING FOR 2 YEARS WITH OPTION TO EXTEND FOR ANOTHER YEAR
HSA000ETT24000081,C08,,SUPPLY AND DELIVERY OF SEQUENCE BASED TYPING KITS FOR A PERIOD OF 2 YEARS WITH OPTION TO EXTEND FOR ANOTHER 2 YEARS
SSC000ETT25000021,C08,awkward fit; closest category (taxonomy frozen at v1.0),PROVISION OF ERGOGENIC AIDS AND SPORTS FOOD FOR TWO (2) YEARS
HPB000ETT23000020,C09,,"INVITATION TO TENDER FOR (A) PROVISION OF COLD CHAIN MANAGEMENT SERVICES FOR VACCINES (B) PROVISION OF WAREHOUSING, TRANSPORTATION AND DISPOSAL SERVICES"
HSA000ETT20300058,C09,,The Provision of Logistics and Warehousing Services for a period of 2 years with an option to extend for another 2+1 years
JUDSUPETT23000007,C09,storage counts as warehousing (C09 description),"ITT - Provision of Offsite Storage Services for Judiciary of Singapore (""Judiciary"")"
LTA000ETT25000086,C10,,Provision of Motor Insurance for LTA Vehicles
PUB000ETT21000252,C10,,Insurance Contracts for PUB's Insurance Programme for a 36-Month Term Beginning 1st April 2022
SFA000ETT24000011,C10,,Four (4) year period contract for the provision of calibration service to various types of laboratory equipment with the 3rd to 4th year being optional
