tender_no,tender_description,agency,my_category,notes
HPB000ETT23000020,"INVITATION TO TENDER FOR (A) PROVISION OF COLD CHAIN MANAGEMENT SERVICES FOR VACCINES (B) PROVISION OF WAREHOUSING, TRANSPORTATION AND DISPOSAL SERVICES",Health Promotion Board,C09,Transport & Logistics
MUI000ETT22000005,"The Halal Competency Assessment (HCA) is a new initiative that will be part of the Muis Halal Certification framework. The service provider would be required to administer the HCA and handle the administrative matters for all candidates for a mandatory period of 3 years, with an option to extend for 2 years.",Majlis Ugama Islam Singapura,C06,"Events, Communications & Training"
SCB000ETT23000015,RETURFING OF THE GROUND AT THE BACK OF OMNI-THEATRE,Science Centre Board,C03,"Facilities Management (cleaning, security, landscaping, maintenance)"
LTA000ETT25000086,Provision of Motor Insurance for LTA Vehicles,Land Transport Authority,C10,Other Services
SPO000ETT22000008,SPO-REQ-2022-000783-TIE-Tender to purchase of a Twin Screw Food Extruder.,Singapore Polytechnic,C07,Equipment & Goods Supply
LTA000ETT22000106,Transportation Services for the Collection of Devices,Land Transport Authority,C09,Transport & Logistics
PAS000ETT21000006,Tender for a Period Contract for the Provision of Accounting Services to the PA and Grassroots Organisations for a period of Two (2) years with an option to extend for another Three (3) years on a yearly basis i.e. 2+1+1+1 years.,People's Association,C04,Professional & Consultancy Services
NST000ETT21000074,"Design, Supply, Delivery, Installation and Commissioning of Four Sets of Overhead Gantry Crane to Outfitting Works for CT2B in Cleantech Park","Agency for Science, Technology and Research",C07,Equipment & Goods Supply
MPA000ETT23000006,"Provision of Two-Year Photography and Videography Services for Corporate Events and Visits, Portraits and Generic Maritime Scenes",Maritime and Port Authority of Singapore,C06,"Events, Communications & Training"
HDB000ETT22000083,"PART A: BUILDING WORKS AT CHOA CHU KANG NEIGHBOURHOOD 6 CONTRACT 5A (TOTAL: 68 DWELLING UNITS) WITH POLYCLINIC, KIDNEY DIALYSIS CENTRE, COMMUNITY CLUB AND HAWKER CENTRE; PART B: CONTINGENCY WORKS",Housing and Development Board,C02,Construction & Civil Works
PAS000ETT23000074,"The contractor should provide a set of water-based inflatables and paddle boats, with manpower and lifeguards, snacks and game booths (collectively known as Water Carnival Package) for a period of twenty four (24) months.",People's Association,C06,"Events, Communications & Training"
PUB000ETT23000137,Offshore Hydrographic Survey and Marine Soil Investigation Works Along West Jurong Channel and East Jurong Channel,Public Utilities Board,C05,Research & Studies
NAC000ETT25000002,NAC is seeking a consultant for an in-depth research of Singapore's arts infrastructure needs and global context to gather data and facts.,National Arts Council,C05,Research & Studies
HSA000ETT24000081,SUPPLY AND DELIVERY OF SEQUENCE BASED TYPING KITS FOR A PERIOD OF 2 YEARS WITH OPTION TO EXTEND FOR ANOTHER 2 YEARS,Health Sciences Authority,C08,Medical & Healthcare Supplies
LTA000ETT20300032,"Design and Construction of Peng Kang Hill Station, Remote Stabling Facility and Viaduct for Jurong Region Line",Land Transport Authority,C02,Construction & Civil Works
SPO000ETT20300045,"RO20/INDT/0036 - DEVELOP, DEPLOY, MAINTAIN AND HOST NEW TITLE LISTING SYSTEM.",Singapore Polytechnic,C01,IT & Digital Services
STB000ETT23000026,Tender for STB Tcube Data Programme,Singapore Tourism Board,C01,IT & Digital Services
HDB000ETT25000166,INSTRUMENTATION AND MONITORING WORKS FOR PROPOSED PUBLIC HOUSING DEVELOPMENT AT PROJECT FF,Housing and Development Board,C02,Construction & Civil Works
GVT000ETT20300048,FOR THE SUPPLY AND MANAGEMENT OF THE HELPDESK SERVICES FOR GOBUSINESS PORTAL (PR201341),Government Technology Agency  (GovTech),C01,IT & Digital Services
ITE000ETT24000001,"Term Contract for Preventive Non-Comprehensive Maintenance, Servicing and Repair of the Lift and Escalator Systems at ITE HQ & CC for the period from 4 Apr 2024 to 31 Mar 2026 and ITE CE for the period from 1 Apr 2024 to 31 Mar 2026, with option to extend, both sites, up to 48 months",Institute of Technical Education,C03,"Facilities Management (cleaning, security, landscaping, maintenance)"
NST000ETT24000067,"Supply, Delivery, and Maintenance of an Air Traffic Flow Management - Air Traffic Management (ATFM-ATM) What-If Capability (WIC) and Terminal Manoeuvring Area (TMA) Support Tool Operations and Maintenance (O&M) Graphical User Interface (GUI) system.","Agency for Science, Technology and Research",C01,IT & Digital Services
NST000ETT22000110,"Supply, Delivery, Installation, Testing and Commisioning of one unit of live cell analysis system for high content imaging","Agency for Science, Technology and Research",C07,Equipment & Goods Supply
JTC000ETT23000125,PROCUREMENT OF CONTACT CENTRE SERVICE FOR JTC CORPORATION,Jurong Town Corporation,C10,Other Services
MHA00003000007742,Multi-Disciplinary Consultancy Services for Additions and Alterations Works to Existing Multi-Purpose Hall in National Service Training Centre,Ministry of Home Affairs - Ministry Headquarter 1,C04,Professional & Consultancy Services
ITE000ETT22000015,"ITEa22-00262_HP-Supply, Delivery, Installation, Testing and Commissioning of New Kitchen Equipment (Choa Chu Kang and Ang Mo Kio Campuses)",Institute of Technical Education,C07,Equipment & Goods Supply
HPB000ETT21000028,CM-ITT-PANEL OF PREMIUM SUPPLIERS TO HEALTH PROMOTION BOARD,Health Promotion Board,C08,Medical & Healthcare Supplies
NST000ETT22000044,"Invitation to Tender: Retrofit Works of offices at levels 5, 7 and 8, Nanos, Biopolis","Agency for Science, Technology and Research",C02,Construction & Civil Works
JTC000ETT21000101,PROPOSED REINSTATEMENT OF VACANT UNIT AT BLK 16 DEFU LANE 10 #01-374 AND REPAIR/STRENGTHEN THE EXISTING STRUCTURE FOR BOTH UNITS #01-372 (OCCUPIED UNIT) AND #01-374    AND    PROPOSED RECONSTRUCTION AND REPAIR WORKS TO BLK 1081 EUNOS AVE 7 FIRE AFFECTED UNIT #01-170 & #01-172,Jurong Town Corporation,C02,Construction & Civil Works
LTA000ETT24000069,Design and Construction of Cycling Paths for East Region,Land Transport Authority,C02,Construction & Civil Works
HLTHQ0ETT22000037,"Invitation To Tender for Supply and Installation of Lift to an Existing 3-Storey Site Office and Mock Up Centre for the Proposed Development of an Integrated Acute and Community Hospital at Bedok North, Singapore",Ministry of Health-Ministry Headquarter,C02,Construction & Civil Works
TRADOSETT22000002,Provision of Supermarket Vouchers,Ministry of Trade & Industry-Department of Statistics,C07,Equipment & Goods Supply
FINVITETT22000010,INVITATION TO TENDER FOR THE SUPPLY OF STATIONERY TO THE WHOLE OF GOVERNMENT FOR A PERIOD OF TWO (2) YEARS WITH AN OPTION TO EXTEND THE CONTRACT FOR A PERIOD OF UP TO ONE (1) YEAR,Ministry of Finance - Vital,C07,Equipment & Goods Supply
JTC000ETT23000048,"ENGAGEMENT OF SERVICES FOR SUPPLY AND DELIVERY OF LED DISPLAY WALL AND UPGRADING OF AUDIOVISUAL, LIGHTING AND VIDEO CONFERENCING SYSTEM AT REVENUE HOUSE L5 AUDITORIUM AND MEDIA CONTROL ROOM",Jurong Town Corporation,C07,Equipment & Goods Supply
MAS000ETT25000037,INVITATION TO TENDER FOR RELOCATION OF A SET OF STORAGE AND SERVERS FROM MAS BUILDING TO GDC3 - MAS-REQ-2025-001310 - DTA,Monetary Authority of Singapore,C09,Transport & Logistics
NST000ETT21000035,Provision of Preventive Maintenance services for Ultra Pure Water Systems inclusive of equipment and materials at Institute of Microelectronics (IME) premises for a period of 2 years with option to renew for another year,"Agency for Science, Technology and Research",C03,"Facilities Management (cleaning, security, landscaping, maintenance)"
NLB000ETT23000001,INVITATION TO TENDER FOR THE PROVISION OF GUARANTEED ENERGY SAVINGS PERFORMANCE CONTRACTING SERVICES FOR THE NATIONAL LIBRARY BOARD,National Library Board,C03,"Facilities Management (cleaning, security, landscaping, maintenance)"
JTC000ETT24000117,"Proposed Demolition of Existing Factory Building and Ancillary Structures at Gul Circle, Kranji Way, Sungei Kadut and Penjuru Road",Jurong Town Corporation,C02,Construction & Civil Works
STB000ETT24000014,"INVITATION TO TENDER FOR CONTENT COPYWRITING, DESIGN, LAYOUT AND RELATED SERVICES FOR THE SINGAPORE TOURISM BOARD'S CORPORATE WEBSITE REVAMP",Singapore Tourism Board,C06,"Events, Communications & Training"
LTA000ETT22000060,Road Maintenance Contract for North West Sector,Land Transport Authority,C03,"Facilities Management (cleaning, security, landscaping, maintenance)"
LTA000ETT20300103,Replacement Works for Tunnel Ventilation and Environmental Control Systems,Land Transport Authority,C02,Construction & Civil Works
PUB000ETT20300287,Supply and Delivery of Hydrated Lime to PUB Installations,Public Utilities Board,C07,Equipment & Goods Supply
INDACIETT24000009,Term Contract for the Provision of Cleaning Services for a period of 36 months and with an option to extend for 24 months.  Contract Period: 1 Jan 2025 to 31 Dec 2027 & option to extend to 31 Dec 2029,Anglo-Chinese School (Independent)	,C03,"Facilities Management (cleaning, security, landscaping, maintenance)"
FOR000ETT20300045,"Upgrading of Heating, Ventilation and Air-Conditioning (HVAC) system at the Chancery of the Consulate-General of the Republic of Singapore in Shanghai",Ministry of Foreign Affairs,C02,Construction & Civil Works
PAS000ETT24000130,THE PROVISION AND INSTALLATION OF KAYAK SELF-LAUNCH DEVICES FOR TWO PASSION WAVE (PW) OUTLETS INCLUSIVE OF THREE YEARS REPAIR AND MAINTENANCE SERVICES AND THE OPTION TO INSTALL ONE ADDITIONAL KAYAK SELF-LAUNCH DEVICE WITH THREE YEARS REPAIR AND MAINTENANCE SERVICES FOR PW SATELLITE FACILITY,People's Association,C07,Equipment & Goods Supply
MHA00003000025523,"PROVISION OF PRINTING, ENVELOPING AND MAILING SERVICES",Ministry of Home Affairs - Ministry Headquarter 1,C06,"Events, Communications & Training"
CCY000ETT25000003,INVITATION TO TENDER FOR THE PROVISION OF LEGAL SERVICES,"Ministry of Culture, Community and Youth - Ministry Headquarter",C04,Professional & Consultancy Services
TPO000ETT21000022,TENDER FOR PROVISION OF LIFEGUARDS AT TEMASEK POLYTECHNIC SWIMMING COMPLEX FROM 1 OCTOBER 2021 TO 30 SEPTEMBER 2022 WITH AN OPTION TO EXTEND ANNUALLY FOR ANOTHER 2 YEARS,Temasek Polytechnic,C10,Other Services
HSA000ETT21000069,SUPPLY AND DELIVERY OF GAS CHROMATOGRAPHY-TRIPLE  QUADRUPOLE MASS SPECTROMETER (GCMSMS),Health Sciences Authority,C07,Equipment & Goods Supply
HLTHQ0ETT22000004,INVITATION TO TENDER FOR THE PROVISION OF SECURITY AND BLAST CONSULTANCY SERVICES FOR THE REDEVELOPMENT OF ALEXANDRA HOSPITAL AT ALEXANDRA ROAD,Ministry of Health-Ministry Headquarter,C04,Professional & Consultancy Services
PUB000ETT25000007,"Supply and Delivery of Aluminium Chlorohydrate, Sodium Bisulphite and Hydrochloric Acid to PUB Installations",Public Utilities Board,C07,Equipment & Goods Supply
GVT000ETT21000020,FOR THE PROVISION OF CLOUD OPERATION AND SUPPORT SERVICES FOR ENGINEERING SUITES PLATFORM (PR211201),Government Technology Agency  (GovTech),C01,IT & Digital Services
LTA000ETT23000102,Outsourced Contract Adminstration Services for Changi Corridor Project,Land Transport Authority,C04,Professional & Consultancy Services
NPB000ETT22000047,PROVISION OF CONSULTANCY SERVICES FOR BIODIVERSITY AND ENVIRONMENTAL STUDIES AND ENVIRONMENTAL MONITORING & MANAGEMENT PLANNING FOR CLEMENTI NATURE TRAIL (CLEMENTI FOREST STREAM) AND CLEMENTI NATURE TRAIL (BUKIT TIMAH FIRST DIVERSION CANAL),National Parks Board,C05,Research & Studies
CAA000ETT22000014,The provision of renovation services for an Equipment Room and enhancement of systems for CAAS Operations Command and Control Centre,Civil Aviation Authority of Singapore,C02,Construction & Civil Works
HDB000ETT21000167,"(A) SUPPLY, DELIVERY AND INSTALLATION OF DUAL BICYCLE RACKS AT HDB TOWNS BATCH 7; AND (B) DISTRIBUTORSHIP OF THE DUAL BICYCLE RACK SYSTEM",Housing and Development Board,C07,Equipment & Goods Supply
HDB000ETT23000073,TENDER FOR ABC WATERS PROFESSIONAL CONSULTANCY SERVICES FOR PROJECT AU,Housing and Development Board,C04,Professional & Consultancy Services
HDB000ETT25000284,PROJECT 1: A) DESIGN & BUILD OF UPGRADING PROJECTS FOR G35D; B) CONTINGENCY WORKS. PROJECT 2: ENHANCEMENT FOR ACTIVE SENIORS (EASE) FOR PRIVATE HOUSING (NORTH EAST ZONE - PACKAGE 1),Housing and Development Board,C02,Construction & Civil Works
SLF000ETT21000001,"To appoint an IT service provider to render the required application maintenance and support services for a Finance and Accounting System (Oracle EBS).  The tender would be for a 2-year contract till FY2023, with an option to extend for additional one year (FY2024).",Singapore Labour Foundation,C01,IT & Digital Services
CCYNYCETT20300018,INVITATION TO TENDER FOR THE PROVISION OF SOFTWARE AS A SERVICE (SaaS) MARKETING SYSTEM,"Ministry of Culture, Community and Youth - National Youth Council",C01,IT & Digital Services
PUB000ETT21000209,"Improvement to Roadside Drains VI - Contract A1 (Yishun Avenue 2/Yishun Central, Serangoon Avenue 2/3 and Jurong East Street 32 Areas)",Public Utilities Board,C02,Construction & Civil Works
SPO000ETT25000048,"SPO-REQ-2025-007344-CLS-Tender to supply, deliver, install and commission one (1) unit of Polymer Compounder with necessary accessories for proper and safe operation as per requirement specifications.",Singapore Polytechnic,C07,Equipment & Goods Supply
MOE000ETT20300060,The Ministry of Education (MOE) is procuring services pertaining to the management of accounts (including but not limited to the collection and administration of application and course fees). This will be a 2-year contract with an option to extend for another two years.,Ministry of Education,C04,Professional & Consultancy Services
FINCEDETT21000010,For The Renewal Of Apigee Enterprise Support For The Apigee Software,Ministry of Finance - Singapore Customs,C01,IT & Digital Services
MOESCHETT25000010,PROVISION OF SEC 1 OUTDOOR ADVENTURE LEARNING CAMP IN YEAR 2025 FOR SERANGOON GARDEN SECONDARY SCHOOL,Ministry of Education - Schools,C06,"Events, Communications & Training"
PAS000ETT21000226,"Supply and installation of a series of large format collateral on the designated areas of Our Tampines Hub (OTH) and Heartbeat@Bedok (HBB). These include the services of measurements, artwork designing and simple artwork adaptation, supply, print, die-cut when necessary, delivery, installation, dismantling and maintenance of these large format collateral for a period of two (2) years.",People's Association,C06,"Events, Communications & Training"
CCYNYCETT23000001,INVITATION TO TENDER FOR THE PROVISION OF SOCIAL MEDIA CONTENT AND MANAGEMENT SERVICES FOR OUTWARD BOUND SINGAPORE,"Ministry of Culture, Community and Youth - National Youth Council",C06,"Events, Communications & Training"
SPO000ETT21000038,"RO21/MS/0012 Design, supply, installation, testing and commissioning of Audio Visual, Acoustic Treatments and Data & Recording System",Singapore Polytechnic,C07,Equipment & Goods Supply
NPB000ETT22000008,"PROVISION OF ARBORICULTURE, HORTICULTURE, TURF MANAGEMENT AND CLEANING SERVICES FOR A PERIOD OF THREE (3) YEARS FOR NORTH EAST BRANCH (NE) SECTION 3",National Parks Board,C03,"Facilities Management (cleaning, security, landscaping, maintenance)"
YRS000ETT24000003,"[T02/2024] YRSG Group statutory audit services for FY2024, with options to extend for the next four financial year (FY2025 to FY2028)",Yellow Ribbon Singapore,C04,Professional & Consultancy Services
RPO000ETT22000028,"TENDER FOR CONTENT CURATION AND CREATION, EDITORIAL, DESIGN AND PRINTING OF REPUBLIC POLYTECHNIC'S INCORPORATE PUBLICATION FOR OCC",Republic Polytechnic,C06,"Events, Communications & Training"
SFA000ETT24000011,Four (4) year period contract for the provision of calibration service to various types of laboratory equipment with the 3rd to 4th year being optional,Singapore Food Agency,C10,Other Services
SDC000ETT21000016,"PROPOSED ADDITIONS & ALTERATIONS (CONVERSION OF EXISTING STOREROOMS TO NEW TRACTION ELECTRICAL SUB STATION & FIRE COMMAND CENTRE) TO EXISTING SOUTHERN TRANSPORT TRANSIT COMPLEX (STTC) ON LOTS 00254W PT, 00589N PT, 02370 PT, 02371A, 02378W PT & 02682 PT MK 34 AT 50 BEACH VIEW - SENTOSA (SOUTHERN ISLANDS PLANNING AREA)",Sentosa Development Corporation,C02,Construction & Civil Works
LTA000ETT21000093,Provision of Operation and Maintenance (O&M) Services for Enforcement System,Land Transport Authority,C01,IT & Digital Services
NEA000ETT23000132,"Refurbishment, Servicing and Maintenance of Fire Detection System at Tuas South Incineration Plant",National Environment Agency,C03,"Facilities Management (cleaning, security, landscaping, maintenance)"
NST000ETT21000099,"This is an Open Tender for the Supply, Delivery, Installation and Commissioning of One (1) Unit of Power Cycling Tester, including Transient Thermal Resistance measurement (Structure Functions) together with Analysis by FloTherm Simulation Software, that can meet the proposed technical requirement specifications","Agency for Science, Technology and Research",C07,Equipment & Goods Supply
NLB000ETT22000023,INVITATION TO TENDER FOR MAINTENANCE AND ENHANCMENT SERVICES FOR ARCHIVAL AND RECORDS MANAGEMENT SYSTEM (ARMS),National Library Board,C01,IT & Digital Services
SSC000ETT23000011,"Provision of Editorial Coverage Services of Team Singapore at SEA Games 2023 and ASEAN Para Games 2023, Asian Games 2023 and Asian Para Games 2023",Singapore Sports Council (Sport Singapore),C06,"Events, Communications & Training"
SPO000ETT25000058,"SPO-REQ-2025-008332-COMMS-Tender for the provision of Singapore Polytechnic's website migration, hosting, maintenance and enhancement services",Singapore Polytechnic,C01,IT & Digital Services
SSC000ETT25000021,PROVISION OF ERGOGENIC AIDS AND SPORTS FOOD FOR TWO (2) YEARS,Singapore Sports Council (Sport Singapore),C08,Medical & Healthcare Supplies
JUDSUPETT23000007,"ITT - Provision of Offsite Storage Services for Judiciary of Singapore (""Judiciary"")",Judiciary-Supreme Court,C09,Transport & Logistics
IRA000ETT21000005,"Provision of training programme for Know, Think and Do Agile",Inland Revenue Authority of Singapore,C06,"Events, Communications & Training"
BCA000ETT25000001,PROPOSED ESTATE UPGRADING PROGRAMME (EUP) BATCH 10 AT WATTEN ESTATE,Building and Construction Authority,C02,Construction & Civil Works
RPO000ETT21000005,Tender for the provision of software maintenance support & professional Service for ICT Systems for 3 years with an option to extend for 2 years (OIS),Republic Polytechnic,C01,IT & Digital Services
RPO000ETT21000048,Tender for the renewal of the Peoplesoft Update License & Support of OASIS (OIS),Republic Polytechnic,C01,IT & Digital Services
ESG000ETT23000011,Provision of Failure Analysis Services,Enterprise Singapore,C04,Professional & Consultancy Services
BCA000ETT25000022,Consultancy Services for Development of Price Fluctuation Mechanism for Public Sector Construction Projects,Building and Construction Authority,C04,Professional & Consultancy Services
CDVHQ0ETT21000024,Invitation to Tender for the Management of Bank Account and Fund Disbursements Services,Ministry of Social and Family Development - Ministry Headquarter,C04,Professional & Consultancy Services
LTA000ETT24000079,Design and Implementation of Path Marking,Land Transport Authority,C02,Construction & Civil Works
PUB000ETT22000146,Dredging of Major Waterways in Eastern and Western Watersheds,Public Utilities Board,C02,Construction & Civil Works
LTA000ETT22000087,Depot Equipment for Changi East Depot,Land Transport Authority,C07,Equipment & Goods Supply
INDACIETT24000004,Servicing and Maintenance of Air-conditioning systems for Main School and Boarding School for the period 15 July 2024 to 14 Jul 2026 with option to renew until 14 Jul 2027,Anglo-Chinese School (Independent)	,C03,"Facilities Management (cleaning, security, landscaping, maintenance)"
MAS000ETT24000059,"INVITATION TO TENDER FOR SUPPLY, DELIVERY, INSTALLATION, TESTING AND COMMISSIONING OF CYBERSECURITY TOOLS IN GCC+ WITH SUPPORT AND MAINTENANCE SERVICES (MAS-REQ-2024-001639/SY)",Monetary Authority of Singapore,C01,IT & Digital Services
SPO000ETT21000025,"RO20/CLS/0112-V1 Design, supply, deliver & commission of a digital twin system for the distillation process in the integrated pilot plant (IPP) in Singapore Polytechnic.",Singapore Polytechnic,C01,IT & Digital Services
HSA000ETT23000011,PROVISION OF COLLECTION AND DELIVERY OF BLOOD AND BLOOD COMPONENTS FOR BASE 1 YEAR WITH AN OPTION TO EXTEND FOR 2 YEARS,Health Sciences Authority,C09,Transport & Logistics
ITE000ETT21000008,Q20a-01389_CDE_UPGRADING OF AUDIO-VISUAL SYSTEM AT ITE COLLEGE EAST AUDITORIUM,Institute of Technical Education,C07,Equipment & Goods Supply
FOR000ETT24000040,Provision of Desktop Enterprise Backup Hardware Solution for end user's devices,Ministry of Foreign Affairs,C07,Equipment & Goods Supply
LTA000ETT24000116,Enhancement of KPE-MCE Integrated Traffic and Plant Management System (ITPMS),Land Transport Authority,C01,IT & Digital Services
MOMHQ0ETT23000016,INVITATION TO TENDER FOR PROVISION OF OFF-SITE STORAGE SERVICES FOR A BASE PERIOD OF THREE (3) YEARS WITH AN OPTION FOR THE AUTHORITY TO EXTEND ON A YEARLY BASIS UP TO AN ADDITIONAL THREE (3) YEARS.,Ministry of Manpower-Ministry Headquarter,C09,Transport & Logistics
JTC000ETT24000020,Sewer Upgrading Along Tuas View Crescent,Jurong Town Corporation,C02,Construction & Civil Works
HSA000ETT20300058,The Provision of Logistics and Warehousing Services for a period of 2 years with an option to extend for another 2+1 years,Health Sciences Authority,C09,Transport & Logistics
NLB000ETT23000042,"INVITATION TO TENDER FOR PROVISION OF FITTING OUT WORKS, LOOSE FURNITURE AND ANCILLARY WORKS IN NATIONAL LIBRARY BUILDING LEVEL 5 AND 8",National Library Board,C02,Construction & Civil Works
CDVHQ0ETT22000031,Invitation to Tender for the Provision of Professional Expertise and Consultancy Services for the Content Drafting of the Revised Early Years Development Framework (EYDF) and Educarers Guide (EG),Ministry of Social and Family Development - Ministry Headquarter,C04,Professional & Consultancy Services
HLTHQ0ETT24000083,INVITATION TO TENDER FOR THE DESIGN & BUILD OF AN INTERIM USE 4-STOREY BUILDING IN SINGAPORE,Ministry of Health-Ministry Headquarter,C02,Construction & Civil Works
CCYNYCETT25000002,"Provision of Facilitation and Programme Development Expertise for Climate Youth Development Programme 2025, with Option to Extend for Another Year for Climate Youth Development Programme 2026","Ministry of Culture, Community and Youth - National Youth Council",C06,"Events, Communications & Training"
PAS000ETT23000096,PROVISION OF GENERAL INSURANCE POLICIES FOR THE PEOPLE'S ASSOCIATION AND ITS ENTITIES FOR A PERIOD OF THREE YEARS,People's Association,C10,Other Services
SSC000ETT24000042,PROVISION OF MULTI-DISCIPLINARY TEAM CONSULTANCY SERVICES FOR THE PROPOSED DEVELOPMENT OF SPORTS FACILITIES (STAGE 2),Singapore Sports Council (Sport Singapore),C04,Professional & Consultancy Services
SFA000ETT23000017,"Tender for Digital Transformation in NCFS via Supply, Development and Commissioning of Digital Archival System",Singapore Food Agency,C01,IT & Digital Services
NHB000ETT22000014,Invitation to Tender (ITT) for the Master Planning Design Consultancy Services for the Revamp at the National Museum of Singapore including Singapore History Gallery & Glass Rotunda,National Heritage Board,C04,Professional & Consultancy Services
LTA000ETT25000044,Independent Review on the In-House Design of Tunnel Ventilation Systems for Cross Island Line and Downtown Line Stage 2 Extension,Land Transport Authority,C04,Professional & Consultancy Services
CDVHQ0ETT21000045,Invitation to Tender for the Proposed Early Intervention Programme for Infants and Children (EIPIC) Centre at Fernvale Woods,Ministry of Social and Family Development - Ministry Headquarter,C06,"Events, Communications & Training"
DEF000ETT20300060,Please refer to the attached tender documents for details.,Ministry of Defence,UNCLASSIFIED,
PAS000ETT23000043,CYCLICAL MAINTENANCE PROGRAMME (CMP) AND ADDITIONAL & ALTERATION (A&A) WORKS TO NEE SOON EAST COMMUNITY CLUB (CC) AT 1 YISHUN AVE 9 SINGAPORE 768893,People's Association,C02,Construction & Civil Works
CPF000ETT24000020,Maintenance of Network Equipment,Central Provident Fund Board,C01,IT & Digital Services
JTC000ETT22000057,Sewer Upgrading at Benoi-Gul Industrial Estate,Jurong Town Corporation,C02,Construction & Civil Works
NEA000ETT20300263,Tender for Licence to Provide Refuse Collection Services to Domestic and Trade Premises in The Ang Mo Kio-Toa Payoh Sector in Singapore,National Environment Agency,C09,Transport & Logistics
INDNLSETT25000001,"Provision for the supply and installation of kitchen equipment for kitchen 1, kitchen 2, demo 1, demo 2 and pastry kitchen (5 locations)",Northlight School,C07,Equipment & Goods Supply
ITE000ETT24000042,ITEa24-00857_CDE: Setting Up of Pre-Hospital Emergency Care Training Centre at ITE College East,Institute of Technical Education,C02,Construction & Civil Works
NPB000ETT22000005,"Supply and Delivery of Materials and Trainers for the ""Garden in a Classroom"" Programme and Supply and Delivery of Materials for the ""Community Gardening Training Series"" for a Period of (3) Three Years",National Parks Board,C06,"Events, Communications & Training"
ENV000ETT21000001,INVITATION TO TENDER   PROVISION OF FACILITIES MAINTENANCE SERVICES BY A FACILITIES MANAGEMENT COMPANY (FMC) AT THE ENVIRONMENT BUILDING FOR A PERIOD OF THREE (3) YEARS WITH AN OPTION TO EXTEND FOR ANOTHER THREE (3) YEARS,Ministry of Sustainability and the Environment,C03,"Facilities Management (cleaning, security, landscaping, maintenance)"
PUB000ETT23000095,Professional Engineering Services for Investigation/Inspection and Rehabilitation Works of Pumping Mains for Sewerage Network Phase 6,Public Utilities Board,C04,Professional & Consultancy Services
NPB000ETT25000007,PROVISION OF ARBORICULTURE SERVICES FOR SINGAPORE BOTANIC GARDENS (SBG) FOR A PERIOD OF THREE (3) YEARS,National Parks Board,C03,"Facilities Management (cleaning, security, landscaping, maintenance)"
HDB000ETT21000206,Operate and Manage HDB Car Parks (Batch 45),Housing and Development Board,C03,"Facilities Management (cleaning, security, landscaping, maintenance)"
ITA000ETT22000019,Establishment of New Framework Agreement for the Provisions of Internal Audit and Advisory Services for MCI Family,Ministry of Digital Development and Information,C04,Professional & Consultancy Services
PUB000ETT21000252,Insurance Contracts for PUB's Insurance Programme for a 36-Month Term Beginning 1st April 2022,Public Utilities Board,C10,Other Services
PMOCPIETT21000007,Term Contract For Building Works for Corrupt Practices Investigation Bureau (CPIB) for a Period of 3 years with an option to extend for another 2 years,Prime Minister's Office-Corrupt Practices Investigation Bureau,C02,Construction & Civil Works
BCA000ETT21000030,APPOINTMENT OF PROFESSIONAL ENGINEER TO INSPECT AND MONITOR FORESHORE STRUCTURES FOR THE BUILDING AND CONSTRUCTION AUTHORITY (BCA) FOR A PERIOD OF THREE (3) YEARS,Building and Construction Authority,C04,Professional & Consultancy Services
PAS000ETT25000016,DEMAND AGGREGATION PERIOD CONTRACT FOR THE PROVISION OF SUPERMARKET VOUCHERS TO PEOPLE ASSOCIATION AND GRASSROOTS ORGANISATIONS FOR A PERIOD OF THREE YEARS WITH AN OPTION TO EXTEND FOR ANOTHER SIX YEARS ON A THREE YEARLY BASIS,People's Association,C07,Equipment & Goods Supply
PUB000ETT22000091,Replacement of various instruments & water quality analysers and other enhancement works at Chestnut Avenue Waterworks,Public Utilities Board,C07,Equipment & Goods Supply
EDB000ETT23000007,Invitation to Tender for the Provision of Event Management System for a Period of 1 Year with Option for 2 Additional Years. OIC Rachel Tan (PR2023249),Economic Development Board,C01,IT & Digital Services
LTA000ETT22000069,Enhancement Works to Existing Bus Infrastructure,Land Transport Authority,C02,Construction & Civil Works
MHA00003000016692,CONSULTANCY SERVICES FOR LAND AND SEA BARRIERS,Ministry of Home Affairs - Ministry Headquarter 1,C04,Professional & Consultancy Services
FOR000ETT18300020,"Provision of Audit Services to conduct on-site audits of the Singapore Embassy in Moscow for a period of one year, with the option to extend for another one year.",Ministry of Foreign Affairs,C04,Professional & Consultancy Services
MPA000ETT22000034,Provision Of Design And Production Services For The Maritime And Port Authority Of Singapore's Sustainability/Integrated Reports For 2022 With An Option To Extend For Another Two Years At The Authority's Discretion,Maritime and Port Authority of Singapore,C06,"Events, Communications & Training"
HDB000ETT24000079,PRODUCTION AND MAINTENANCE / MODIFICATION OF ARCHITECTURAL MODEL FOR A HDB NEIGHBOURHOOD,Housing and Development Board,C04,Professional & Consultancy Services
LTA000ETT21000021,Social Media Agency On Record,Land Transport Authority,C06,"Events, Communications & Training"
CAA000ETT25000050,Provision of Sales and Distribution Services for Registration Labels,Civil Aviation Authority of Singapore,C09,Transport & Logistics
PUB000ETT21000225,Environmental Baseline Survey at Southeast Coast of Singapore,Public Utilities Board,C05,Research & Studies
NST000ETT22000185,"SUPPLY, DELIVERY, INSTALLATION AND COMMISSIONING OF TWO (2) UNITS OF NANO- TO MICRO-FLOW HIGH PERFORMANCE LIQUID CHROMATOGRAPHY SYSTEMS","Agency for Science, Technology and Research",C07,Equipment & Goods Supply
IMD000ETT25000024,Supply and deliver WHOISXML API subscription or equivalent for two (2) years and with option to extend.,Info-communications Media Development Authority,C01,IT & Digital Services
NPO000ETT25000023,"(FY25/EES/030/ITT) Tender for Replacement of Timber Flooring at Block 20 Level 1, Sports Hall B",Ngee Ann Polytechnic,C02,Construction & Civil Works
HSA000ETT21000035,SUPPLY AND DELIVERY OF EXTERNAL QUALITY CONTROL (QC) SAMPLES THAT ARE USED FOR HEPATITIS E VIRUS (HEV) NUCLEIC ACID TESTING FOR 2 YEARS WITH OPTION TO EXTEND FOR ANOTHER YEAR,Health Sciences Authority,C08,Medical & Healthcare Supplies
HDB000ETT23000046,SPECIALIST CONSULTANCY SERVICES AT HDB DEVELOPMENT (EASTERN 2),Housing and Development Board,C04,Professional & Consultancy Services
SDC000ETT23000013,"ENVIRONMENTAL BASELINE STUDY FOR IMBIAH, SENTOSA",Sentosa Development Corporation,C05,Research & Studies
NPB000ETT21000091,TENDER FOR MULTI-DISCIPLINARY CONSULTANCY SERVICES FOR THE DEVELOPMENT AND REDEVELOPMENT OF PARK CONNECTORS IN SINGAPORE FOR A PERIOD OF THREE YEARS *This is a QFM Tender. Only Multi-Disciplinary Teams of Consultants who were successfully shortlisted in the NParks/E/2/2021 can participate in this tender. (1) AC CONSORTIUM PTE LTD (2) DESIGN LINK ARCHITECTS PTE. LTD. (3) CONSORTIUM 168 ARCHITECTS PTE LTD (4) CIAP ARCHITECTS PTE LTD (5) INTERCONSULTANTS PTE LTD,National Parks Board,C04,Professional & Consultancy Services
HDB000ETT25000132,TERM CONTRACT FOR MAINTENANCE OF SIGNALISED PEDESTRIAN CROSSINGS IN HDB ESTATES FOR A PERIOD OF 3 YEARS (2025 TO 2028),Housing and Development Board,C03,"Facilities Management (cleaning, security, landscaping, maintenance)"
FOR000ETT24000061,"Provision Of Building Condition Survey Services at the Singapore Embassy In Phnom Penh, Cambodia.",Ministry of Foreign Affairs,C04,Professional & Consultancy Services
URA000ETT24000038,Tender For Property Valuation Services For A Period Of Three (3) Years With An Option To Renew For Another Two (2) Years,Urban Redevelopment Authority,C04,Professional & Consultancy Services
NST000ETT21000058,"Supply, Delivery, Installation, Testing, Commissioning & Operator Training for Liquid Chromatography system and Triple Quadrupole Mass Spectrometer","Agency for Science, Technology and Research",C07,Equipment & Goods Supply
MAS000ETT24000037,INVITATION TO TENDER FOR APPOINTMENT TO A PANEL FOR THE PROVISION OF LEGAL SERVICES-MAS-REQ-2024-001052,Monetary Authority of Singapore,C04,Professional & Consultancy Services
NST000ETT21000145,"Supply and install 5 sets of 500 KVA LT dry type transformers c/w cabling works, load break switch, switchboard panel, with LEW attendance, testing and commissioning","Agency for Science, Technology and Research",C07,Equipment & Goods Supply
